{"entity":{"ALL":{"":{"donors":"0","donorsExact":0,"goal":"0","goalExact":0.0,"percentage":0,"progress":"0","progressExact":0.0},"AE":{"donors":"13142","donorsExact":13142,"goal":"232.5M","goalExact":232500000.0,"percentage":38,"progress":"89.5M","progressExact":89501444.93},"ALL":{"donors":"286527","donorsExact":286527,"goal":"1500M","goalExact":1500000000.0,"percentage":80,"progress":"1196.1M","progressExact":1196109223.68},"COM":{"donors":"186991","donorsExact":186991,"goal":"165M","goalExact":165000000.0,"percentage":98,"progress":"160.9M","progressExact":160948485.9},"DCI":{"donors":"8888","donorsExact":8888,"goal":"441M","goalExact":441000000.0,"percentage":91,"progress":"401.2M","progressExact":401200097.11},"SAE":{"donors":"46990","donorsExact":46990,"goal":"220M","goalExact":220000000.0,"percentage":111,"progress":"244.9M","progressExact":244891912.73},"SDC":{"donors":"15342","donorsExact":15342,"goal":"258M","goalExact":258000000.0,"percentage":66,"progress":"170.1M","progressExact":170072136.13},"SS":{"donors":"63133","donorsExact":63133,"goal":"183.5M","goalExact":183500000.0,"percentage":70,"progress":"128.6M","progressExact":128630627.58}},"BA":{"":{"donors":"0","donorsExact":0,"goal":"0","goalExact":0.0,"percentage":0,"progress":"0","progressExact":0.0},"AE":{"donors":"6511","donorsExact":6511,"goal":"40M","goalExact":40000000.0,"percentage":58,"progress":"23.1M","progressExact":23148434.14},"ALL":{"donors":"10050","donorsExact":10050,"goal":"150M","goalExact":150000000.0,"percentage":45,"progress":"67M","progressExact":67023948.46},"COM":{"donors":"0","donorsExact":0,"goal":"0","goalExact":0.0,"percentage":0,"progress":"0","progressExact":0.0},"DCI":{"donors":"551","donorsExact":551,"goal":"30M","goalExact":30000000.0,"percentage":42,"progress":"12.5M","progressExact":12485904.9},"SAE":{"donors":"2610","donorsExact":2610,"goal":"60M","goalExact":60000000.0,"percentage":24,"progress":"14.5M","progressExact":14470198.45},"SS":{"donors":"2106","donorsExact":2106,"goal":"20M","goalExact":20000000.0,"percentage":84,"progress":"16.8M","progressExact":16814427.97}},"BD":{"AE":{"donors":"1","donorsExact":1,"goal":"3M","goalExact":3000000.0,"percentage":0,"progress":"0","progressExact":0.0},"ALL":{"donors":"387","donorsExact":387,"goal":"41M","goalExact":41000000.0,"percentage":56,"progress":"22.8M","progressExact":22825639.57},"COM":{"donors":"4","donorsExact":4,"goal":"2M","goalExact":2000000.0,"percentage":0,"progress":"9K","progressExact":9000.0},"DCI":{"donors":"387","donorsExact":387,"goal":"34M","goalExact":34000000.0,"percentage":67,"progress":"22.8M","progressExact":22816639.57},"SS":{"donors":"0","donorsExact":0,"goal":"0","goalExact":0.0,"percentage":0,"progress":"0","progressExact":0.0}},"CS":{"AE":{"donors":"66","donorsExact":66,"goal":"12.5M","goalExact":12500000.0,"percentage":29,"progress":"3.6M","progressExact":3597516.78},"ALL":{"donors":"2180","donorsExact":2180,"goal":"50M","goalExact":50000000.0,"percentage":59,"progress":"29.5M","progressExact":29522611.49},"COM":{"donors":"633","donorsExact":633,"goal":"5M","goalExact":5000000.0,"percentage":67,"progress":"3.3M","progressExact":3328010.25},"DCI":{"donors":"10","donorsExact":10,"goal":"12.5M","goalExact":12500000.0,"percentage":31,"progress":"3.9M","progressExact":3890280.0},"SAE":{"donors":"938","donorsExact":938,"goal":"5M","goalExact":5000000.0,"percentage":52,"progress":"2.6M","progressExact":2575147.6},"SS":{"donors":"944","donorsExact":944,"goal":"15M","goalExact":15000000.0,"percentage":108,"progress":"16.1M","progressExact":16131656.86}},"ES":{"":{"donors":"0","donorsExact":0,"goal":"0","goalExact":0.0,"percentage":0,"progress":"0","progressExact":0.0},"AE":{"donors":"581","donorsExact":581,"goal":"60M","goalExact":60000000.0,"percentage":18,"progress":"10.9M","progressExact":10885283.01},"ALL":{"donors":"7745","donorsExact":7745,"goal":"150M","goalExact":150000000.0,"percentage":53,"progress":"79.6M","progressExact":79624951.1},"COM":{"donors":"0","donorsExact":0,"goal":"0","goalExact":0.0,"percentage":0,"progress":"0","progressExact":0.0},"DCI":{"donors":"560","donorsExact":560,"goal":"50M","goalExact":50000000.0,"percentage":78,"progress":"38.8M","progressExact":38764869.71},"SAE":{"donors":"2080","donorsExact":2080,"goal":"25M","goalExact":25000000.0,"percentage":74,"progress":"18.6M","progressExact":18597604.67},"SS":{"donors":"5699","donorsExact":5699,"goal":"15M","goalExact":15000000.0,"percentage":74,"progress":"11.1M","progressExact":11114209.71}},"FIS":{"":{"donors":"0","donorsExact":0,"goal":"0","goalExact":0.0,"percentage":0,"progress":"0","progressExact":0.0},"AE":{"donors":"0","donorsExact":0,"goal":"0","goalExact":0.0,"percentage":0,"progress":"0","progressExact":0.0},"ALL":{"donors":"130","donorsExact":130,"goal":"20M","goalExact":20000000.0,"percentage":7,"progress":"1.5M","progressExact":1455749.62},"DCI":{"donors":"0","donorsExact":0,"goal":"0","goalExact":0.0,"percentage":0,"progress":"0","progressExact":0.0},"SAE":{"donors":"0","donorsExact":0,"goal":"0","goalExact":0.0,"percentage":0,"progress":"0","progressExact":0.0},"SS":{"donors":"0","donorsExact":0,"goal":"0","goalExact":0.0,"percentage":0,"progress":"0","progressExact":0.0}},"HI":{"":{"donors":"0","donorsExact":0,"goal":"0","goalExact":0.0,"percentage":0,"progress":"0","progressExact":0.0},"AE":{"donors":"116","donorsExact":116,"goal":"18.5M","goalExact":18500000.0,"percentage":28,"progress":"5.3M","progressExact":5257893.41},"ALL":{"donors":"5286","donorsExact":5286,"goal":"55M","goalExact":55000000.0,"percentage":60,"progress":"32.9M","progressExact":32871710.63},"COM":{"donors":"10","donorsExact":10,"goal":"5M","goalExact":5000000.0,"percentage":10,"progress":"495K","progressExact":494686.0},"DCI":{"donors":"416","donorsExact":416,"goal":"3M","goalExact":3000000.0,"percentage":79,"progress":"2.4M","progressExact":2379799.19},"SAE":{"donors":"1918","donorsExact":1918,"goal":"11.5M","goalExact":11500000.0,"percentage":96,"progress":"11.1M","progressExact":11088533.9},"SS":{"donors":"3579","donorsExact":3579,"goal":"17M","goalExact":17000000.0,"percentage":80,"progress":"13.7M","progressExact":13650698.13}},"HL":{"":{"donors":"0","donorsExact":0,"goal":"0","goalExact":0.0,"percentage":0,"progress":"0","progressExact":0.0},"AE":{"donors":"21","donorsExact":21,"goal":"4M","goalExact":4000000.0,"percentage":4,"progress":"153K","progressExact":152955.0},"ALL":{"donors":"1208","donorsExact":1208,"goal":"22M","goalExact":22000000.0,"percentage":36,"progress":"8M","progressExact":7979408.85},"COM":{"donors":"189","donorsExact":189,"goal":"1M","goalExact":1000000.0,"percentage":11,"progress":"111K","progressExact":110719.26},"DCI":{"donors":"117","donorsExact":117,"goal":"10M","goalExact":10000000.0,"percentage":50,"progress":"5M","progressExact":4975594.97},"SAE":{"donors":"544","donorsExact":544,"goal":"6M","goalExact":6000000.0,"percentage":32,"progress":"1.9M","progressExact":1929738.87},"SS":{"donors":"510","donorsExact":510,"goal":"1M","goalExact":1000000.0,"percentage":76,"progress":"758K","progressExact":757577.75}},"HO":{"ALL":{"donors":"5164","donorsExact":5164,"goal":"20M","goalExact":20000000.0,"percentage":27,"progress":"5.3M","progressExact":5334831.29},"DCI":{"donors":"0","donorsExact":0,"goal":"0","goalExact":0.0,"percentage":0,"progress":"0","progressExact":0.0},"SAE":{"donors":"0","donorsExact":0,"goal":"0","goalExact":0.0,"percentage":0,"progress":"0","progressExact":0.0},"SS":{"donors":"4139","donorsExact":4139,"goal":"20M","goalExact":20000000.0,"percentage":14,"progress":"2.7M","progressExact":2729234.37}},"IK":{"ALL":{"donors":"158312","donorsExact":158312,"goal":"90M","goalExact":90000000.0,"percentage":71,"progress":"63.5M","progressExact":63468966.1},"COM":{"donors":"158307","donorsExact":158307,"goal":"40M","goalExact":40000000.0,"percentage":125,"progress":"50.2M","progressExact":50151009.1},"DCI":{"donors":"7","donorsExact":7,"goal":"50M","goalExact":50000000.0,"percentage":27,"progress":"13.3M","progressExact":13316957.0},"SAE":{"donors":"0","donorsExact":0,"goal":"0","goalExact":0.0,"percentage":0,"progress":"0","progressExact":0.0}},"IP":{"AE":{"donors":"0","donorsExact":0,"goal":"0","goalExact":0.0,"percentage":0,"progress":"0","progressExact":0.0},"ALL":{"donors":"11634","donorsExact":11634,"goal":"35M","goalExact":35000000.0,"percentage":56,"progress":"19.8M","progressExact":19773965.38},"COM":{"donors":"11632","donorsExact":11632,"goal":"32M","goalExact":32000000.0,"percentage":60,"progress":"19.1M","progressExact":19071965.38},"DCI":{"donors":"0","donorsExact":0,"goal":"0","goalExact":0.0,"percentage":0,"progress":"0","progressExact":0.0},"SS":{"donors":"0","donorsExact":0,"goal":"0","goalExact":0.0,"percentage":0,"progress":"0","progressExact":0.0}},"LA":{"AE":{"donors":"398","donorsExact":398,"goal":"25M","goalExact":25000000.0,"percentage":21,"progress":"5.3M","progressExact":5328068.07},"ALL":{"donors":"12253","donorsExact":12253,"goal":"150M","goalExact":150000000.0,"percentage":68,"progress":"101.3M","progressExact":101303420.85},"COM":{"donors":"1348","donorsExact":1348,"goal":"10M","goalExact":10000000.0,"percentage":111,"progress":"11.1M","progressExact":11132563.8},"DCI":{"donors":"1607","donorsExact":1607,"goal":"90M","goalExact":90000000.0,"percentage":76,"progress":"68.2M","progressExact":68179303.74},"SAE":{"donors":"3805","donorsExact":3805,"goal":"15M","goalExact":15000000.0,"percentage":62,"progress":"9.3M","progressExact":9292632.13},"SS":{"donors":"7458","donorsExact":7458,"goal":"10M","goalExact":10000000.0,"percentage":74,"progress":"7.4M","progressExact":7370853.11}},"LA01":{"AE":{"donors":"10","donorsExact":10,"goal":"7M","goalExact":7000000.0,"percentage":3,"progress":"184K","progressExact":183726.3},"ALL":{"donors":"2442","donorsExact":2442,"goal":"34M","goalExact":34000000.0,"percentage":28,"progress":"9.4M","progressExact":9390473.71},"COM":{"donors":"0","donorsExact":0,"goal":"0","goalExact":0.0,"percentage":0,"progress":"0","progressExact":0.0},"DCI":{"donors":"633","donorsExact":633,"goal":"22M","goalExact":22000000.0,"percentage":27,"progress":"6M","progressExact":5977818.95},"SAE":{"donors":"667","donorsExact":667,"goal":"3M","goalExact":3000000.0,"percentage":65,"progress":"2M","progressExact":1958317.7},"SS":{"donors":"1119","donorsExact":1119,"goal":"2M","goalExact":2000000.0,"percentage":50,"progress":"997K","progressExact":996580.34}},"LA02":{"AE":{"donors":"65","donorsExact":65,"goal":"10M","goalExact":10000000.0,"percentage":33,"progress":"3.3M","progressExact":3266750.72},"ALL":{"donors":"2693","donorsExact":2693,"goal":"70M","goalExact":70000000.0,"percentage":46,"progress":"32.1M","progressExact":32105981.82},"COM":{"donors":"530","donorsExact":530,"goal":"8M","goalExact":8000000.0,"percentage":122,"progress":"9.7M","progressExact":9720179.27},"DCI":{"donors":"398","donorsExact":398,"goal":"42M","goalExact":42000000.0,"percentage":33,"progress":"14.1M","progressExact":14065938.64},"SAE":{"donors":"948","donorsExact":948,"goal":"6M","goalExact":6000000.0,"percentage":45,"progress":"2.7M","progressExact":2715250.38},"SS":{"donors":"1148","donorsExact":1148,"goal":"4M","goalExact":4000000.0,"percentage":58,"progress":"2.3M","progressExact":2337862.81}},"LA03":{"AE":{"donors":"305","donorsExact":305,"goal":"6M","goalExact":6000000.0,"percentage":8,"progress":"473K","progressExact":473384.05},"ALL":{"donors":"2386","donorsExact":2386,"goal":"38M","goalExact":38000000.0,"percentage":45,"progress":"17M","progressExact":16996414.04},"COM":{"donors":"0","donorsExact":0,"goal":"0","goalExact":0.0,"percentage":0,"progress":"0","progressExact":0.0},"DCI":{"donors":"443","donorsExact":443,"goal":"26M","goalExact":26000000.0,"percentage":43,"progress":"11.3M","progressExact":11271788.8},"SAE":{"donors":"758","donorsExact":758,"goal":"4M","goalExact":4000000.0,"percentage":44,"progress":"1.8M","progressExact":1755090.4},"SS":{"donors":"903","donorsExact":903,"goal":"2M","goalExact":2000000.0,"percentage":154,"progress":"3.1M","progressExact":3077557.84}},"LW":{"AE":{"donors":"2021","donorsExact":2021,"goal":"26M","goalExact":26000000.0,"percentage":93,"progress":"24.2M","progressExact":24238394.27},"ALL":{"donors":"5606","donorsExact":5606,"goal":"70M","goalExact":70000000.0,"percentage":77,"progress":"53.8M","progressExact":53829250.29},"COM":{"donors":"94","donorsExact":94,"goal":"6M","goalExact":6000000.0,"percentage":88,"progress":"5.3M","progressExact":5253521.86},"DCI":{"donors":"11","donorsExact":11,"goal":"4M","goalExact":4000000.0,"percentage":77,"progress":"3.1M","progressExact":3088521.0},"SAE":{"donors":"2927","donorsExact":2927,"goal":"7M","goalExact":7000000.0,"percentage":201,"progress":"14.1M","progressExact":14063141.74},"SS":{"donors":"2155","donorsExact":2155,"goal":"27M","goalExact":27000000.0,"percentage":27,"progress":"7.2M","progressExact":7185671.42}},"MCI":{"ALL":{"donors":"431","donorsExact":431,"goal":"50M","goalExact":50000000.0,"percentage":54,"progress":"27.2M","progressExact":27223648.53},"COM":{"donors":"424","donorsExact":424,"goal":"50M","goalExact":50000000.0,"percentage":53,"progress":"26.4M","progressExact":26403668.53},"SAE":{"donors":"0","donorsExact":0,"goal":"0","goalExact":0.0,"percentage":0,"progress":"0","progressExact":0.0},"SS":{"donors":"0","donorsExact":0,"goal":"0","goalExact":0.0,"percentage":0,"progress":"0","progressExact":0.0}},"NU":{"AE":{"donors":"156","donorsExact":156,"goal":"5M","goalExact":5000000.0,"percentage":3,"progress":"132K","progressExact":131798.26},"ALL":{"donors":"2212","donorsExact":2212,"goal":"42M","goalExact":42000000.0,"percentage":65,"progress":"27.3M","progressExact":27300140.4},"COM":{"donors":"482","donorsExact":482,"goal":"1M","goalExact":1000000.0,"percentage":39,"progress":"391K","progressExact":391145.62},"DCI":{"donors":"106","donorsExact":106,"goal":"15M","goalExact":15000000.0,"percentage":105,"progress":"15.7M","progressExact":15685353.34},"SAE":{"donors":"1070","donorsExact":1070,"goal":"20M","goalExact":20000000.0,"percentage":51,"progress":"10.3M","progressExact":10267508.34},"SS":{"donors":"901","donorsExact":901,"goal":"1M","goalExact":1000000.0,"percentage":82,"progress":"824K","progressExact":824334.84}},"OB":{"":{"donors":"0","donorsExact":0,"goal":"0","goalExact":0.0,"percentage":0,"progress":"0","progressExact":0.0},"AE":{"donors":"0","donorsExact":0,"goal":"0","goalExact":0.0,"percentage":0,"progress":"0","progressExact":0.0},"ALL":{"donors":"0","donorsExact":0,"goal":"0","goalExact":0.0,"percentage":0,"progress":"0","progressExact":0.0},"COM":{"donors":"0","donorsExact":0,"goal":"0","goalExact":0.0,"percentage":0,"progress":"0","progressExact":0.0},"DCI":{"donors":"0","donorsExact":0,"goal":"0","goalExact":0.0,"percentage":0,"progress":"0","progressExact":0.0},"SAE":{"donors":"0","donorsExact":0,"goal":"0","goalExact":0.0,"percentage":0,"progress":"0","progressExact":0.0},"SDC":{"donors":"0","donorsExact":0,"goal":"0","goalExact":0.0,"percentage":0,"progress":"0","progressExact":0.0},"SS":{"donors":"0","donorsExact":0,"goal":"0","goalExact":0.0,"percentage":0,"progress":"0","progressExact":0.0}},"PP":{"AE":{"donors":"33","donorsExact":33,"goal":"3M","goalExact":3000000.0,"percentage":27,"progress":"813K","progressExact":813475.0},"ALL":{"donors":"4412","donorsExact":4412,"goal":"60M","goalExact":60000000.0,"percentage":43,"progress":"25.7M","progressExact":25718082.31},"COM":{"donors":"390","donorsExact":390,"goal":"7M","goalExact":7000000.0,"percentage":23,"progress":"1.6M","progressExact":1626747.68},"DCI":{"donors":"129","donorsExact":129,"goal":"9.5M","goalExact":9500000.0,"percentage":92,"progress":"8.7M","progressExact":8745826.3},"SAE":{"donors":"2061","donorsExact":2061,"goal":"8.5M","goalExact":8500000.0,"percentage":92,"progress":"7.8M","progressExact":7843779.28},"SDC":{"donors":"0","donorsExact":0,"goal":"0","goalExact":0.0,"percentage":0,"progress":"0","progressExact":0.0},"SS":{"donors":"2374","donorsExact":2374,"goal":"32M","goalExact":32000000.0,"percentage":21,"progress":"6.7M","progressExact":6688054.05}},"SU":{"AE":{"donors":"16","donorsExact":16,"goal":"20M","goalExact":20000000.0,"percentage":50,"progress":"10.1M","progressExact":10096725.79},"ALL":{"donors":"571","donorsExact":571,"goal":"115M","goalExact":115000000.0,"percentage":62,"progress":"71M","progressExact":70970435.63},"COM":{"donors":"229","donorsExact":229,"goal":"1M","goalExact":1000000.0,"percentage":111,"progress":"1.1M","progressExact":1106866.41},"DCI":{"donors":"175","donorsExact":175,"goal":"91M","goalExact":91000000.0,"percentage":64,"progress":"58.1M","progressExact":58118636.33},"SAE":{"donors":"77","donorsExact":77,"goal":"2M","goalExact":2000000.0,"percentage":52,"progress":"1M","progressExact":1032700.02},"SS":{"donors":"155","donorsExact":155,"goal":"1M","goalExact":1000000.0,"percentage":62,"progress":"616K","progressExact":615507.08}},"TE":{"AE":{"donors":"1723","donorsExact":1723,"goal":"5.5M","goalExact":5500000.0,"percentage":31,"progress":"1.7M","progressExact":1692118.44},"ALL":{"donors":"4943","donorsExact":4943,"goal":"75M","goalExact":75000000.0,"percentage":79,"progress":"59.5M","progressExact":59529415.06},"COM":{"donors":"4","donorsExact":4,"goal":"2M","goalExact":2000000.0,"percentage":14,"progress":"275K","progressExact":275340.0},"DCI":{"donors":"48","donorsExact":48,"goal":"40M","goalExact":40000000.0,"percentage":95,"progress":"37.9M","progressExact":37850732.68},"SAE":{"donors":"1720","donorsExact":1720,"goal":"11M","goalExact":11000000.0,"percentage":57,"progress":"6.3M","progressExact":6324459.96},"SS":{"donors":"3263","donorsExact":3263,"goal":"16.5M","goalExact":16500000.0,"percentage":81,"progress":"13.4M","progressExact":13386763.98}},"TX":{"AE":{"donors":"211","donorsExact":211,"goal":"5M","goalExact":5000000.0,"percentage":6,"progress":"322K","progressExact":322140.0},"ALL":{"donors":"8212","donorsExact":8212,"goal":"14M","goalExact":14000000.0,"percentage":34,"progress":"4.8M","progressExact":4794852.75},"COM":{"donors":"1110","donorsExact":1110,"goal":"2M","goalExact":2000000.0,"percentage":0,"progress":"3K","progressExact":3085.0},"DCI":{"donors":"268","donorsExact":268,"goal":"2M","goalExact":2000000.0,"percentage":25,"progress":"501K","progressExact":500858.35},"SAE":{"donors":"0","donorsExact":0,"goal":"0","goalExact":0.0,"percentage":0,"progress":"0","progressExact":0.0},"SS":{"donors":"6793","donorsExact":6793,"goal":"5M","goalExact":5000000.0,"percentage":55,"progress":"2.7M","progressExact":2743148.4}},"UA":{"":{"donors":"0","donorsExact":0,"goal":"0","goalExact":0.0,"percentage":0,"progress":"0","progressExact":0.0},"AE":{"donors":"0","donorsExact":0,"goal":"0","goalExact":0.0,"percentage":0,"progress":"0","progressExact":0.0},"ALL":{"donors":"26535","donorsExact":26535,"goal":"306M","goalExact":306000000.0,"percentage":81,"progress":"246.7M","progressExact":246662069.76},"COM":{"donors":"0","donorsExact":0,"goal":"0","goalExact":0.0,"percentage":0,"progress":"0","progressExact":0.0},"DCI":{"donors":"0","donorsExact":0,"goal":"0","goalExact":0.0,"percentage":0,"progress":"0","progressExact":0.0},"SAE":{"donors":"19587","donorsExact":19587,"goal":"48M","goalExact":48000000.0,"percentage":155,"progress":"74.5M","progressExact":74468478.38},"SDC":{"donors":"15276","donorsExact":15276,"goal":"258M","goalExact":258000000.0,"percentage":66,"progress":"170M","progressExact":170047836.13},"SS":{"donors":"0","donorsExact":0,"goal":"0","goalExact":0.0,"percentage":0,"progress":"0","progressExact":0.0}},"UC":{"":{"donors":"0","donorsExact":0,"goal":"0","goalExact":0.0,"percentage":0,"progress":"0","progressExact":0.0},"AE":{"donors":"0","donorsExact":0,"goal":"0","goalExact":0.0,"percentage":0,"progress":"0","progressExact":0.0},"ALL":{"donors":"753","donorsExact":753,"goal":"4M","goalExact":4000000.0,"percentage":65,"progress":"2.6M","progressExact":2592561.52},"COM":{"donors":"0","donorsExact":0,"goal":"0","goalExact":0.0,"percentage":0,"progress":"0","progressExact":0.0},"DCI":{"donors":"0","donorsExact":0,"goal":"0","goalExact":0.0,"percentage":0,"progress":"0","progressExact":0.0},"SAE":{"donors":"0","donorsExact":0,"goal":"0","goalExact":0.0,"percentage":0,"progress":"0","progressExact":0.0},"SS":{"donors":"0","donorsExact":0,"goal":"0","goalExact":0.0,"percentage":0,"progress":"0","progressExact":0.0}},"W@":{"AE":{"donors":"67","donorsExact":67,"goal":"2M","goalExact":2000000.0,"percentage":6,"progress":"115K","progressExact":114800.02},"ALL":{"donors":"1214","donorsExact":1214,"goal":"5M","goalExact":5000000.0,"percentage":29,"progress":"1.5M","progressExact":1472838.33},"COM":{"donors":"2","donorsExact":2,"goal":"1M","goalExact":1000000.0,"percentage":1,"progress":"8K","progressExact":7500.0},"DCI":{"donors":"0","donorsExact":0,"goal":"0","goalExact":0.0,"percentage":0,"progress":"0","progressExact":0.0},"SAE":{"donors":"402","donorsExact":402,"goal":"1M","goalExact":1000000.0,"percentage":69,"progress":"692K","progressExact":692363.32},"SS":{"donors":"837","donorsExact":837,"goal":"1M","goalExact":1000000.0,"percentage":46,"progress":"460K","progressExact":460109.99}}}}